-- ------------------------
-- LUCAS HERRERA MORENO
-- BASE DE DATOS
-- EJERCICIO REPASO DDL Y DML
-- --------------------------

CREATE DATABASE REPASO;
USE REPASO;

CREATE TABLE EMPLEADOS(
	DNI CHAR(9),
    NOMBRE VARCHAR(10),
    APELLIDO1 VARCHAR(15),
    APELLIDO2 VARCHAR(15),
    DIRECC1 VARCHAR(25),
    DIRECC2 VARCHAR(20),
    CIUDAD VARCHAR(20),
    PROVINCIA VARCHAR(20),
    CODPOSTAL CHAR(5),
    SEXO CHAR(1),
    FECHA_NAC DATE
);

CREATE TABLE ESTUDIOS(
	EMPLEADO_DNI CHAR(9),
    UNIVERSIDAD INT,
    AÑO INT,
    GRADO VARCHAR(3),
    ESPECIALIDAD VARCHAR(20)
);

CREATE TABLE UNIVERSIDADES(
	COD_UNIV INT,
    NOMBRE_UNIV VARCHAR(25),
    CIUDAD VARCHAR(20),
    MUNICIPIO VARCHAR(2),
    CODPOSTAL CHAR(5)
);

CREATE TABLE TRABAJOS(
	COD_TRABAJO INT,
    NOMBRE_TRAB VARCHAR(20),
    SALARIO_MIN DECIMAL(10,2),
    SALARIO_MAX DECIMAL(10,2)
);

CREATE TABLE DEPARTAMENTOS(
	COD_DPTO INT,
    NOMBRE_DPTO VARCHAR(30),
    DPTO_PADRE INT,
    PRESUPUESTO DECIMAL(10,2),
    PRES_ACTUAL DECIMAL(10,2)
);

CREATE TABLE HISTORIAL_LABORAL(
	DNI_EMPLEADO CHAR(9),
    COD_TRABAJO INT,
    FECHA_INICIO DATE,
    FECHA_FIN DATE,
    COD_DPTO INT,
    DNI_SUPERVISOR INT
);

CREATE TABLE HISTORIAL_SALARIAL(
	DNI_EMPLEADO CHAR(9),
    SALARIO DECIMAL(10,2),
    FECHA_COMIENZO DATE,
    FECHA_FIN DATE
);

ALTER TABLE UNIVERSIDADES MODIFY MUNICIPIO VARCHAR(100);

ALTER TABLE EMPLEADOS MODIFY NOMBRE VARCHAR(10) NOT NULL;
ALTER TABLE UNIVERSIDADES MODIFY NOMBRE_UNIV VARCHAR(25) NOT NULL;
ALTER TABLE TRABAJOS MODIFY NOMBRE_TRAB VARCHAR(20) NOT NULL;
ALTER TABLE DEPARTAMENTOS MODIFY NOMBRE_DPTO VARCHAR(30) NOT NULL;

ALTER TABLE EMPLEADOS MODIFY APELLIDO1 VARCHAR(15) NOT NULL;

ALTER TABLE DEPARTAMENTOS MODIFY PRESUPUESTO DECIMAL(10,2) NOT NULL;

ALTER TABLE HISTORIAL_SALARIAL MODIFY SALARIO DECIMAL(10,2) NOT NULL;

ALTER TABLE TRABAJOS MODIFY SALARIO_MIN DECIMAL(10,2) NOT NULL,
						MODIFY SALARIO_MAX DECIMAL(10,2) NOT NULL;
                        
ALTER TABLE TRABAJOS MODIFY NOMBRE_TRAB VARCHAR(20) UNIQUE;
ALTER TABLE DEPARTAMENTOS MODIFY NOMBRE_DPTO VARCHAR(30) UNIQUE;

ALTER TABLE EMPLEADOS ADD CONSTRAINT DNI_PK PRIMARY KEY(DNI);

ALTER TABLE DEPARTAMENTOS ADD CONSTRAINT COD_PK PRIMARY KEY(COD_DPTO);
ALTER TABLE DEPARTAMENTOS ADD CONSTRAINT DPDRE_FK FOREIGN KEY(DPTO_PADRE) REFERENCES DEPARTAMENTOS(COD_DPTO) ON UPDATE CASCADE ON DELETE CASCADE;

ALTER TABLE ESTUDIOS ADD CONSTRAINT EST_PK PRIMARY KEY(EMPLEADO_DNI,UNIVERSIDAD,ESPECIALIDAD);
ALTER TABLE ESTUDIOS ADD CONSTRAINT EMP_FK FOREIGN KEY(EMPLEADO_DNI) REFERENCES EMPLEADOS(DNI) ON UPDATE CASCADE ON DELETE CASCADE;

ALTER TABLE UNIVERSIDADES ADD CONSTRAINT COD_UNI_PK PRIMARY KEY(COD_UNIV);

ALTER TABLE ESTUDIOS ADD CONSTRAINT UNI_FK FOREIGN KEY(UNIVERSIDAD) REFERENCES UNIVERSIDADES(COD_UNIV) ON UPDATE CASCADE ON DELETE CASCADE;

ALTER TABLE HISTORIAL_LABORAL ADD CONSTRAINT HIST_PK PRIMARY KEY(DNI_EMPLEADO,COD_TRABAJO,FECHA_INICIO);

ALTER TABLE HISTORIAL_LABORAL ADD CONSTRAINT EMP2_FK FOREIGN KEY(DNI_EMPLEADO) REFERENCES EMPLEADOS(DNI) ON UPDATE CASCADE ON DELETE CASCADE;

ALTER TABLE HISTORIAL_LABORAL MODIFY DNI_SUPERVISOR CHAR(9);
ALTER TABLE HISTORIAL_LABORAL ADD CONSTRAINT SUP_FK FOREIGN KEY(DNI_SUPERVISOR) REFERENCES EMPLEADOS(DNI) ON UPDATE CASCADE ON DELETE CASCADE;

ALTER TABLE TRABAJOS ADD CONSTRAINT TRA_PK PRIMARY KEY(COD_TRABAJO);

ALTER TABLE HISTORIAL_LABORAL ADD CONSTRAINT TRA_FK FOREIGN KEY(COD_TRABAJO) REFERENCES TRABAJOS(COD_TRABAJO) ON UPDATE CASCADE ON DELETE CASCADE;
ALTER TABLE HISTORIAL_LABORAL ADD CONSTRAINT DPTO_FK FOREIGN KEY(COD_DPTO) REFERENCES DEPARTAMENTOS(COD_DPTO) ON UPDATE CASCADE ON DELETE CASCADE;

ALTER TABLE HISTORIAL_SALARIAL ADD CONSTRAINT DNI_PK PRIMARY KEY(DNI_EMPLEADO,SALARIO,FECHA_COMIENZO);

ALTER TABLE HISTORIAL_SALARIAL ADD CONSTRAINT DNI_FK FOREIGN KEY(DNI_EMPLEADO) REFERENCES EMPLEADOS(DNI) ON UPDATE CASCADE ON DELETE CASCADE;

INSERT INTO empleados (DNI, NOMBRE, APELLIDO1, APELLIDO2, DIRECC1, CIUDAD, PROVINCIA, CODPOSTAL, SEXO, FECHA_NAC) VALUES ('12345678A', 'Carlos', 'García', 'López', 'Calle Mayor 10', 'Madrid', 'Madrid', '28001', 'M', '1985-07-12'), ('23456789B', 'Ana', 'Fernández', 'Ruiz', 'Gran Vía 5', 'Barcelona', 'Barcelona', '08010', 'F', '1990-05-25'), ('34567890C', 'Luis', 'Martínez', 'Sánchez', 'Avenida Sol 15', 'Sevilla', 'Sevilla', '41001', 'M', '1982-09-30'), ('45678901D', 'Elena', 'Rodríguez', 'Torres', 'Calle Luna 8', 'Valencia', 'Valencia', '46002', 'F', '1995-01-20'); 
INSERT INTO departamentos (COD_DPTO, NOMBRE_DPTO, DPTO_PADRE, PRESUPUESTO, PRES_ACTUAL) VALUES (1, 'Recursos Humanos', NULL, 500000, 450000), (2, 'Tecnología', NULL, 800000, 720000), (3, 'Marketing', NULL, 600000, 580000), (4, 'Finanzas', NULL, 700000, 690000); 
INSERT INTO trabajos (COD_TRABAJO, NOMBRE_TRAB, SALARIO_MIN, SALARIO_MAX) VALUES (1, 'Desarrollador', 25000, 50000), (2, 'Analista', 30000, 55000), (3, 'Gerente', 45000, 80000), (4, 'Contable', 28000, 48000); 
INSERT INTO historial_laboral (DNI_EMPLEADO, COD_TRABAJO, FECHA_INICIO, FECHA_FIN, COD_DPTO, DNI_SUPERVISOR) VALUES ('12345678A', 1, '2015-03-01', NULL, 2, '34567890C'), ('23456789B', 2, '2018-07-15', NULL, 3, '45678901D'), ('34567890C', 3, '2010-06-10', NULL, 4, NULL), ('45678901D', 4, '2019-09-05', NULL, 1, '34567890C'); 
INSERT INTO historial_salarial (DNI_EMPLEADO, SALARIO, FECHA_COMIENZO, FECHA_FIN) VALUES ('12345678A', 32000, '2015-03-01', NULL), ('23456789B', 40000, '2018-07-15', NULL), ('34567890C', 60000, '2010-06-10', NULL), ('45678901D', 35000, '2019-09-05', NULL); 
INSERT INTO universidades (COD_UNIV, NOMBRE_UNIV, CIUDAD, MUNICIPIO, CODPOSTAL) VALUES (1, 'Universidad Complutense', 'Madrid', 'Moncloa', '28040'), (2, 'Universidad de Barcelona', 'Barcelona', 'Les Corts', '08028'), (3, 'Universidad de Sevilla', 'Sevilla', 'Nervión', '41013'), (4, 'Universidad de Valencia', 'Valencia', 'Blasco Ibáñez', '46010'); 
INSERT INTO estudios (EMPLEADO_DNI, UNIVERSIDAD, AÑO, GRADO, ESPECIALIDAD) VALUES ('12345678A', 1, 2008, 'ING', 'Informática'), ('23456789B', 2, 2012, 'ADE', 'Marketing'), ('34567890C', 3, 2005, 'ECO', 'Finanzas'), ('45678901D', 4, 2016, 'DER', 'Derecho Empresarial'); 

-- 1. Obtener el nombre y apellido de los empleados junto con el departamento en el que trabajan.
SELECT NOMBRE,APELLIDO1,NOMBRE_DPTO FROM EMPLEADOS
INNER JOIN HISTORIAL_LABORAL ON HISTORIAL_LABORAL.DNI_EMPLEADO=EMPLEADOS.DNI
INNER JOIN DEPARTAMENTOS ON DEPARTAMENTOS.COD_DPTO=HISTORIAL_LABORAL.COD_DPTO;

-- 2. Listar los nombres de los empleados junto con el nombre de su puesto de trabajo
SELECT EMPLEADOS.NOMBRE,EMPLEADOS.APELLIDO1,TRABAJOS.NOMBRE_TRAB FROM EMPLEADOS
INNER JOIN HISTORIAL_LABORAL ON HISTORIAL_LABORAL.DNI_EMPLEADO=EMPLEADOS.DNI
INNER JOIN TRABAJOS ON HISTORIAL_LABORAL.COD_TRABAJO=TRABAJOS.COD_TRABAJO;

-- 3. Obtener el historial salarial de cada empleado, mostrando su nombre y su salario.
SELECT EMPLEADOS.NOMBRE,EMPLEADOS.APELLIDO1,HISTORIAL_SALARIAL.FECHA_COMIENZO,HISTORIAL_SALARIAL.FECHA_FIN,HISTORIAL_SALARIAL.SALARIO FROM EMPLEADOS
INNER JOIN HISTORIAL_SALARIAL ON HISTORIAL_SALARIAL.DNI_EMPLEADO=EMPLEADOS.DNI;

-- 4. Mostrar el nombre de la universidad donde estudió cada empleado. 
SELECT EMPLEADOS.NOMBRE,EMPLEADOS.APELLIDO1,UNIVERSIDADES.NOMBRE_UNIV FROM EMPLEADOS
INNER JOIN ESTUDIOS ON ESTUDIOS.EMPLEADO_DNI=EMPLEADOS.DNI
INNER JOIN UNIVERSIDADES ON ESTUDIOS.UNIVERSIDAD=UNIVERSIDADES.COD_UNIV;
	
-- 5. Obtener el presupuesto de cada departamento y el número de empleados que tiene. -------------
SELECT DEPARTAMENTOS.NOMBRE_DPTO,DEPARTAMENTOS.PRESUPUESTO,COUNT(HISTORIAL_LABORAL.DNI_EMPLEADO) FROM DEPARTAMENTOS
INNER JOIN HISTORIAL_LABORAL ON DEPARTAMENTOS.COD_DPTO=HISTORIAL_LABORAL.COD_DPTO;

-- 6. Mostrar el nombre de los empleados junto con su puesto de trabajo y el salario asociado. 
SELECT EMPLEADOS.NOMBRE,EMPLEADOS.APELLIDO1,TRABAJOS.NOMBRE_TRAB,HISTORIAL_SALARIAL.SALARIO FROM EMPLEADOS
INNER JOIN HISTORIAL_LABORAL ON EMPLEADOS.DNI=HISTORIAL_LABORAL.DNI_EMPLEADO
INNER JOIN TRABAJOS ON HISTORIAL_LABORAL.COD_TRABAJO=TRABAJOS.COD_TRABAJO
INNER JOIN HISTORIAL_SALARIAL ON EMPLEADOS.DNI=HISTORIAL_SALARIAL.DNI_EMPLEADO;
-- 7. Obtener los  datos de los EMPLEADOS, la UNIVERSIDAD en que estudiaron  y su puesto de trabajo. 
SELECT EMPLEADOS.NOMBRE,EMPLEADOS.APELLIDO1,TRABAJOS.NOMBRE_TRAB,UNIVERSIDADES.NOMBRE_UNIV FROM EMPLEADOS
INNER JOIN HISTORIAL_LABORAL ON EMPLEADOS.DNI=HISTORIAL_LABORAL.DNI_EMPLEADO
INNER JOIN TRABAJOS ON HISTORIAL_LABORAL.COD_TRABAJO=TRABAJOS.COD_TRABAJO
INNER JOIN ESTUDIOS ON ESTUDIOS.EMPLEADO_DNI=EMPLEADOS.DNI
INNER JOIN UNIVERSIDADES ON ESTUDIOS.UNIVERSIDAD=UNIVERSIDADES.COD_UNIV;

-- 8. Listar los departamentos con su presupuesto y los empleados que han trabajado en ellos. 

-- 9. Obtener la evolución salarial de los empleados en función de su historial de trabajo. 
-- 10. Mostrar los EMPLEADOS con sus ESTUDIOS (AÑO, GRADO), el nombre de la universidad, el NOMBRE del departamento en el que trabajan y su puesto de trabajo. 
-- 11. Obtener la información de cada empleado (nombre y apellido1), su historial de trabajo, departamento,estudios y universidad donde estudió. 
-- 12. Mostrar todos los supervisores y los empleados que supervisan, junto con el departamento y su puesto de trabajo. 
-- 13. Listar los empleados con su puesto de trabajo, el salario y la universidad donde estudiaron. 
-- 14. Obtener el historial laboral de los empleados, mostrando su departamento, puesto de trabajo y salario a lo largo del tiempo. 
-- 15. Mostrar los empleados junto con sus estudios, su puesto de trabajo actual y el presupuesto del departamento en el que trabajan. 
-- 16. Obtener los empleados que trabajan en un departamento específico (ELIGE UNO CUALQUIERA). 
-- 17. Listar los empleados cuyo salario actual es superior a 3000. 
-- 18. Obtener los empleados que estudiaron en universidades de Madrid. 
-- 19. Mostrar los empleados cuyo primer apellido comienza con "G". 
-- 20. Obtener los empleados que nacieron entre 1980 y 1995. 
-- 21. Listar los empleados con su puesto de trabajo y su salario, ordenados de mayor a menor salario. 
-- 22. Mostrar los empleados que trabajan en un departamento con presupuesto mayor a 100000. 
-- 23. Obtener los empleados que han trabajado en más de un puesto de trabajo. 
-- 24. Listar los empleados con su puesto de trabajo, pero solo aquellos que han tenido aumentos de salario. 
-- 25. Obtener los empleados con estudios en universidades cuyo nombre contenga "Tecnológica". 
-- 26. Mostrar los empleados junto con su departamento y salario, pero solo aquellos con un sueldo mayor al promedio. 
-- 27. Obtener la lista de empleados que tienen supervisor y mostrar también el nombre del supervisor. 
-- 28. Listar los empleados con su puesto de trabajo y la última universidad en la que estudiaron. 
-- 29. Obtener los empleados que han trabajado en más de un departamento y su puesto actual. 
-- 30. Obtener la lista de EMPLEADOS con su puesto de trabajo y el departamento donde trabajan, pero solo los que han trabajado más de 5 años en la empresa. 