-- ------------------------
-- LUCAS HERRERA MORENO
-- BASE DE DATOS
-- EJERCICIO REPASO DDL Y DML
-- --------------------------

CREATE DATABASE REPASO;
USE REPASO;

CREATE TABLE EMPLEADOS(
	DNI CHAR(9),
    NOMBRE VARCHAR(10),
    APELLIDO1 VARCHAR(15),
    APELLIDO2 VARCHAR(15),
    DIRECC1 VARCHAR(25),
    DIRECC2 VARCHAR(20),
    CIUDAD VARCHAR(20),
    PROVINCIA VARCHAR(20),
    CODPOSTAL CHAR(5),
    SEXO CHAR(1),
    FECHA_NAC DATE
);

CREATE TABLE ESTUDIOS(
	EMPLEADO_DNI CHAR(9),
    UNIVERSIDAD INT,
    AÑO INT,
    GRADO VARCHAR(3),
    ESPECIALIDAD VARCHAR(20)
);

CREATE TABLE UNIVERSIDADES(
	COD_UNIV INT,
    NOMBRE_UNIV VARCHAR(25),
    CIUDAD VARCHAR(20),
    MUNICIPIO VARCHAR(2),
    CODPOSTAL CHAR(5)
);

CREATE TABLE TRABAJOS(
	COD_TRABAJO INT,
    NOMBRE_TRAB VARCHAR(20),
    SALARIO_MIN DECIMAL(10,2),
    SALARIO_MAX DECIMAL(10,2)
);

CREATE TABLE DEPARTAMENTOS(
	COD_DPTO INT,
    NOMBRE_DPTO VARCHAR(30),
    DPTO_PADRE INT,
    PRESUPUESTO DECIMAL(10,2),
    PRES_ACTUAL DECIMAL(10,2)
);

CREATE TABLE HISTORIAL_LABORAL(
	DNI_EMPLEADO CHAR(9),
    COD_TRABAJO INT,
    FECHA_INICIO DATE,
    FECHA_FIN DATE,
    COD_DPTO INT,
    DNI_SUPERVISOR INT
);

CREATE TABLE HISTORIAL_SALARIAL(
	DNI_EMPLEADO CHAR(9),
    SALARIO DECIMAL(10,2),
    FECHA_COMIENZO DATE,
    FECHA_FIN DATE
);

ALTER TABLE UNIVERSIDADES MODIFY MUNICIPIO VARCHAR(100);

ALTER TABLE EMPLEADOS MODIFY NOMBRE VARCHAR(10) NOT NULL;
ALTER TABLE UNIVERSIDADES MODIFY NOMBRE_UNIV VARCHAR(25) NOT NULL;
ALTER TABLE TRABAJOS MODIFY NOMBRE_TRAB VARCHAR(20) NOT NULL;
ALTER TABLE DEPARTAMENTOS MODIFY NOMBRE_DPTO VARCHAR(30) NOT NULL;

ALTER TABLE EMPLEADOS MODIFY APELLIDO1 VARCHAR(15) NOT NULL;

ALTER TABLE DEPARTAMENTOS MODIFY PRESUPUESTO DECIMAL(10,2) NOT NULL;

ALTER TABLE HISTORIAL_SALARIAL MODIFY SALARIO DECIMAL(10,2) NOT NULL;

ALTER TABLE TRABAJOS MODIFY SALARIO_MIN DECIMAL(10,2) NOT NULL,
						MODIFY SALARIO_MAX DECIMAL(10,2) NOT NULL;
                        
ALTER TABLE TRABAJOS MODIFY NOMBRE_TRAB VARCHAR(20) UNIQUE;
ALTER TABLE DEPARTAMENTOS MODIFY NOMBRE_DPTO VARCHAR(30) UNIQUE;

ALTER TABLE EMPLEADOS ADD CONSTRAINT DNI_PK PRIMARY KEY(DNI);

ALTER TABLE DEPARTAMENTOS ADD CONSTRAINT COD_PK PRIMARY KEY(COD_DPTO);
ALTER TABLE DEPARTAMENTOS ADD CONSTRAINT DPDRE_FK FOREIGN KEY(DPTO_PADRE) REFERENCES DEPARTAMENTOS(COD_DPTO) ON UPDATE CASCADE ON DELETE CASCADE;

ALTER TABLE ESTUDIOS ADD CONSTRAINT EST_PK PRIMARY KEY(EMPLEADO_DNI,UNIVERSIDAD,ESPECIALIDAD);
ALTER TABLE ESTUDIOS ADD CONSTRAINT EMP_FK FOREIGN KEY(EMPLEADO_DNI) REFERENCES EMPLEADOS(DNI) ON UPDATE CASCADE ON DELETE CASCADE;

ALTER TABLE UNIVERSIDADES ADD CONSTRAINT COD_UNI_PK PRIMARY KEY(COD_UNIV);

ALTER TABLE ESTUDIOS ADD CONSTRAINT UNI_FK FOREIGN KEY(UNIVERSIDAD) REFERENCES UNIVERSIDADES(COD_UNIV) ON UPDATE CASCADE ON DELETE CASCADE;

ALTER TABLE HISTORIAL_LABORAL ADD CONSTRAINT HIST_PK PRIMARY KEY(DNI_EMPLEADO,COD_TRABAJO,FECHA_INICIO);

ALTER TABLE HISTORIAL_LABORAL ADD CONSTRAINT EMP2_FK FOREIGN KEY(DNI_EMPLEADO) REFERENCES EMPLEADOS(DNI) ON UPDATE CASCADE ON DELETE CASCADE;

ALTER TABLE HISTORIAL_LABORAL MODIFY DNI_SUPERVISOR CHAR(9);
ALTER TABLE HISTORIAL_LABORAL ADD CONSTRAINT SUP_FK FOREIGN KEY(DNI_SUPERVISOR) REFERENCES EMPLEADOS(DNI) ON UPDATE CASCADE ON DELETE CASCADE;

ALTER TABLE TRABAJOS ADD CONSTRAINT TRA_PK PRIMARY KEY(COD_TRABAJO);

ALTER TABLE HISTORIAL_LABORAL ADD CONSTRAINT TRA_FK FOREIGN KEY(COD_TRABAJO) REFERENCES TRABAJOS(COD_TRABAJO) ON UPDATE CASCADE ON DELETE CASCADE;
ALTER TABLE HISTORIAL_LABORAL ADD CONSTRAINT DPTO_FK FOREIGN KEY(COD_DPTO) REFERENCES DEPARTAMENTOS(COD_DPTO) ON UPDATE CASCADE ON DELETE CASCADE;

ALTER TABLE HISTORIAL_SALARIAL ADD CONSTRAINT DNI_PK PRIMARY KEY(DNI_EMPLEADO,SALARIO,FECHA_COMIENZO);

ALTER TABLE HISTORIAL_SALARIAL ADD CONSTRAINT DNI_FK FOREIGN KEY(DNI_EMPLEADO) REFERENCES EMPLEADOS(DNI) ON UPDATE CASCADE ON DELETE CASCADE;

INSERT INTO empleados (DNI, NOMBRE, APELLIDO1, APELLIDO2, DIRECC1, CIUDAD, PROVINCIA, CODPOSTAL, SEXO, FECHA_NAC) VALUES ('12345678A', 'Carlos', 'García', 'López', 'Calle Mayor 10', 'Madrid', 'Madrid', '28001', 'M', '1985-07-12'), ('23456789B', 'Ana', 'Fernández', 'Ruiz', 'Gran Vía 5', 'Barcelona', 'Barcelona', '08010', 'F', '1990-05-25'), ('34567890C', 'Luis', 'Martínez', 'Sánchez', 'Avenida Sol 15', 'Sevilla', 'Sevilla', '41001', 'M', '1982-09-30'), ('45678901D', 'Elena', 'Rodríguez', 'Torres', 'Calle Luna 8', 'Valencia', 'Valencia', '46002', 'F', '1995-01-20'); 
INSERT INTO departamentos (COD_DPTO, NOMBRE_DPTO, DPTO_PADRE, PRESUPUESTO, PRES_ACTUAL) VALUES (1, 'Recursos Humanos', NULL, 500000, 450000), (2, 'Tecnología', NULL, 800000, 720000), (3, 'Marketing', NULL, 600000, 580000), (4, 'Finanzas', NULL, 700000, 690000); 
INSERT INTO trabajos (COD_TRABAJO, NOMBRE_TRAB, SALARIO_MIN, SALARIO_MAX) VALUES (1, 'Desarrollador', 25000, 50000), (2, 'Analista', 30000, 55000), (3, 'Gerente', 45000, 80000), (4, 'Contable', 28000, 48000); 
INSERT INTO historial_laboral (DNI_EMPLEADO, COD_TRABAJO, FECHA_INICIO, FECHA_FIN, COD_DPTO, DNI_SUPERVISOR) VALUES ('12345678A', 1, '2015-03-01', NULL, 2, '34567890C'), ('23456789B', 2, '2018-07-15', NULL, 3, '45678901D'), ('34567890C', 3, '2010-06-10', NULL, 4, NULL), ('45678901D', 4, '2019-09-05', NULL, 1, '34567890C'); 
INSERT INTO historial_salarial (DNI_EMPLEADO, SALARIO, FECHA_COMIENZO, FECHA_FIN) VALUES ('12345678A', 32000, '2015-03-01', NULL), ('23456789B', 40000, '2018-07-15', NULL), ('34567890C', 60000, '2010-06-10', NULL), ('45678901D', 35000, '2019-09-05', NULL); 
INSERT INTO universidades (COD_UNIV, NOMBRE_UNIV, CIUDAD, MUNICIPIO, CODPOSTAL) VALUES (1, 'Universidad Complutense', 'Madrid', 'Moncloa', '28040'), (2, 'Universidad de Barcelona', 'Barcelona', 'Les Corts', '08028'), (3, 'Universidad de Sevilla', 'Sevilla', 'Nervión', '41013'), (4, 'Universidad de Valencia', 'Valencia', 'Blasco Ibáñez', '46010'); 
INSERT INTO estudios (EMPLEADO_DNI, UNIVERSIDAD, AÑO, GRADO, ESPECIALIDAD) VALUES ('12345678A', 1, 2008, 'ING', 'Informática'), ('23456789B', 2, 2012, 'ADE', 'Marketing'), ('34567890C', 3, 2005, 'ECO', 'Finanzas'), ('45678901D', 4, 2016, 'DER', 'Derecho Empresarial'); 

SELECT NOMBRE,APELLIDO1,NOMBRE_DPTO FROM EMPLEADOS
INNER JOIN HISTORIAL_LABORAL ON HISTORIAL_LABORAL.DNI_EMPLEADO=EMPLEADOS.DNI
INNER JOIN DEPARTAMENTOS ON DEPARTAMENTOS.COD_DPTO=HISTORIAL_LABORAL.COD_DPTO;