-- -------------------
-- LUCAS HERRERA MORENO
-- BASE DE DATOS
-- AGENCIA DE VIAJES
-- --------------------

CREATE DATABASE AGENCIA_VIAJES;
USE AGENCIA_VIAJES;

-- 1. Creación de la tabla empleados
CREATE TABLE empleados (
    ID INT PRIMARY KEY AUTO_INCREMENT,
    NOMBRE VARCHAR(100) NOT NULL,
    PUESTO VARCHAR(50) NOT NULL
);

-- 2. Creación de la tabla alojamientos
CREATE TABLE alojamientos (
    ID INT PRIMARY KEY AUTO_INCREMENT,
    NOMBRE VARCHAR(100) NOT NULL,
    LOCALIDAD VARCHAR(50) NOT NULL,
    PRECIO_NOCHE DECIMAL(6, 2) NOT NULL
);

-- 3. Creación de la tabla clientes
CREATE TABLE clientes (
    ID INT PRIMARY KEY AUTO_INCREMENT,
    NOMBRE VARCHAR(100) NOT NULL,
    EMAIL VARCHAR(100) NOT NULL,
    TELEFONO VARCHAR(15)
);

-- 4. Creación de la tabla reservas (Tabla central con las relaciones)
CREATE TABLE reservas (
    ID INT PRIMARY KEY AUTO_INCREMENT,
    ID_CLIENTE INT NOT NULL,
    ID_EMPLEADO INT NOT NULL,
    ID_ALOJAMIENTO INT NOT NULL,
    FECHA_ENTRADA DATE NOT NULL,
    FECHA_SALIDA DATE,  -- CAMPO NO OBLIGATORIO (sin NOT NULL)
    
    -- Definición de las Claves Foráneas con CASCADE
    FOREIGN KEY (ID_CLIENTE) REFERENCES clientes(ID) ON DELETE CASCADE ON UPDATE CASCADE,
    FOREIGN KEY (ID_EMPLEADO) REFERENCES empleados(ID) ON DELETE CASCADE ON UPDATE CASCADE,
    FOREIGN KEY (ID_ALOJAMIENTO) REFERENCES alojamientos(ID) ON DELETE CASCADE ON UPDATE CASCADE
);

INSERT INTO CLIENTES VALUES 
	(1, 'Ana Torres', 'ana.torres@gmail.com', '600123456'),
	(2, 'Luis García', 'luisg@hotmail.com', '655987654'), 
	(3, 'Clara Ruiz', 'clara.ruiz@gmail.com', '677456789');
    
INSERT INTO EMPLEADOS VALUES
	(1, 'Marta López', 'Agente'), 
    (2, 'Carlos Pérez', 'Supervisor'); 
    
INSERT INTO ALOJAMIENTOS VALUES
	(1, 'Hotel Sol', 'Málaga', 80.00), 
    (2, 'Casa Rural El Encanto', 'Ávila', 65.50),
    (3, 'Apartamentos Vista Mar', 'Valencia', 90.00); 

INSERT INTO RESERVAS VALUES
	(1, 1, 1, 1, '2025-04-25', '2025-04-30'),
    (2, 2, 2, 3, '2025-05-01', '2025-05-05'), 
    (3, 1, 1, 2, '2025-05-10', '2025-05-12'),
    (4, 3, 1, 3, '2025-06-01', '2025-06-05'), 
    (5, 2, 2, 1, '2025-04-15', '2025-04-18'); 

-- TRIGGER  1: -- Crear un trigger que registre en una tabla de log cada vez que cambie el precio por noche de un alojamiento. 
CREATE TABLE LOG_CAMBIOS_PRECIO (
    ID_LOG INT PRIMARY KEY AUTO_INCREMENT,
    ID_ALOJAMIENTO INT,
    PRECIO_ANTIGUO DECIMAL(6, 2),
    PRECIO_NUEVO DECIMAL(6, 2),
    FECHA_CAMBIO DATETIME
);

DESC LOG_CAMBIOS_PRECIO;

DELIMITER //
DROP TRIGGER IF EXISTS TRG_LOG_CAMBIO_PRECIO //
CREATE TRIGGER TRG_LOG_CAMBIO_PRECIO
BEFORE UPDATE ON ALOJAMIENTOS
FOR EACH ROW
BEGIN
	IF OLD.PRECIO_NOCHE != NEW.PRECIO_NOCHE THEN
		INSERT INTO LOG_CAMBIOS_PRECIO(ID_ALOJAMIENTO,PRECIO_ANTIGUO,PRECIO_NUEVO,FECHA_CAMBIO) 
        VALUES (OLD.ID,OLD.PRECIO_NOCHE,NEW.PRECIO_NOCHE, current_date());
	END IF;
END; //
 DELIMITER ;
 
UPDATE ALOJAMIENTOS SET PRECIO_NOCHE = 120 WHERE ID=2;
SELECT * FROM LOG_CAMBIOS_PRECIO;

UPDATE ALOJAMIENTOS SET LOCALIDAD = 'PLASENCIA' WHERE ID=3;
SELECT * FROM ALOJAMIENTOS;